<?xml version="1.0" encoding="utf-8"?>
<Defs>

	<!-- Damage -->
	
	<!--  Melee -->
	
	<DamageDef>
    	<defName>GGMStab</defName>
    	<label>GG melee stab</label>
    	<workerClass>DamageWorker_Stab</workerClass>
    	<externalViolence>true</externalViolence>
    	<deathMessage>{0} has been stabbed to death.</deathMessage>
    	<hediff>GGMStab</hediff>
    	<hediffSolid>Crack</hediffSolid>
    	<impactSoundType>Slice</impactSoundType>
    	<armorCategory>Sharp</armorCategory>
    	<overkillPctToDestroyPart>0~0.7</overkillPctToDestroyPart>
    	<isRanged>false</isRanged>
    	<makesAnimalsFlee>false</makesAnimalsFlee>
		<additionalHediffs>
			<li>
				<hediff>GGNerveToxin</hediff>
				<severityPerDamageDealt>0.01</severityPerDamageDealt>
				<victimSeverityScaling>ToxicSensitivity</victimSeverityScaling>
			</li>
		</additionalHediffs>
		<defaultArmorPenetration>0.85</defaultArmorPenetration>
  	</DamageDef>
	
	<ToolCapacityDef>
		<defName>GGMStab</defName>
	</ToolCapacityDef>
	
	<ManeuverDef>
        <defName>GGMStab</defName>
        <requiredCapacity>GGMStab</requiredCapacity>
        <verb>
            <verbClass>Verb_MeleeAttackDamage</verbClass>
            <meleeDamageDef>GGMStab</meleeDamageDef>
        </verb>
        <logEntryDef>MeleeAttack</logEntryDef>
        <combatLogRulesHit>Maneuver_Stab_MeleeHit</combatLogRulesHit>
        <combatLogRulesDeflect>Maneuver_Stab_MeleeDeflect</combatLogRulesDeflect>
        <combatLogRulesMiss>Maneuver_Stab_MeleeMiss</combatLogRulesMiss>
        <combatLogRulesDodge>Maneuver_Stab_MeleeDodge</combatLogRulesDodge>
    </ManeuverDef>
	
	<DamageDef>
    	<defName>GGMCut</defName>
    	<label>GG melee cut</label>
    	<workerClass>DamageWorker_Cut</workerClass>
    	<externalViolence>true</externalViolence>
    	<deathMessage>{0} has been sliced to death.</deathMessage>
    	<hediff>GGMCut</hediff>
    	<hediffSolid>Crack</hediffSolid>
    	<impactSoundType>Slice</impactSoundType>
    	<armorCategory>Sharp</armorCategory>
    	<overkillPctToDestroyPart>0~0.7</overkillPctToDestroyPart>
		<cutExtraTargetsCurve>
      	<points>
        	<li>0, 0</li>
        	<li>0.6, 1</li>
        	<li>0.9, 2</li>
        	<li>1, 3</li>
      	</points>
    	</cutExtraTargetsCurve>
    	<cutCleaveBonus>1.5</cutCleaveBonus>
    	<isRanged>false</isRanged>
    	<makesAnimalsFlee>false</makesAnimalsFlee>
		<additionalHediffs>
			<li>
				<hediff>GGNerveToxin</hediff>
				<severityPerDamageDealt>0.01</severityPerDamageDealt>
				<victimSeverityScaling>ToxicSensitivity</victimSeverityScaling>
			</li>
		</additionalHediffs>
		<defaultArmorPenetration>0.85</defaultArmorPenetration>
  	</DamageDef>
	
	<ToolCapacityDef>
		<defName>GGMCut</defName>
	</ToolCapacityDef>
	
	<ManeuverDef>
        <defName>GGMCut</defName>
        <requiredCapacity>GGMCut</requiredCapacity>
        <verb>
            <verbClass>Verb_MeleeAttackDamage</verbClass>
            <meleeDamageDef>GGMCut</meleeDamageDef>
        </verb>
        <logEntryDef>MeleeAttack</logEntryDef>
        <combatLogRulesHit>Maneuver_Slash_MeleeHit</combatLogRulesHit>
        <combatLogRulesDeflect>Maneuver_Slash_MeleeDeflect</combatLogRulesDeflect>
        <combatLogRulesMiss>Maneuver_Slash_MeleeMiss</combatLogRulesMiss>
        <combatLogRulesDodge>Maneuver_Slash_MeleeDodge</combatLogRulesDodge>
    </ManeuverDef>
	
	<!--  Thrown -->
	
  	<DamageDef>
    	<defName>GGShuriken</defName>
    	<label>GG Shuriken</label>
    	<workerClass>DamageWorker_AddInjury</workerClass>
    	<externalViolence>true</externalViolence>
    	<deathMessage>{0} has been shot to death by shuriken.</deathMessage>
    	<hediff>GGShurikenCut</hediff>
    	<hediffSolid>Crack</hediffSolid>
    	<harmAllLayersUntilOutside>true</harmAllLayersUntilOutside>
    	<impactSoundType>Bullet</impactSoundType>
    	<armorCategory>Sharp</armorCategory>
    	<overkillPctToDestroyPart>0~0.7</overkillPctToDestroyPart>
    	<isRanged>true</isRanged>
    	<makesAnimalsFlee>true</makesAnimalsFlee>
		<additionalHediffs>
			<li>
				<hediff>GGNerveToxin</hediff>
				<severityPerDamageDealt>0.01</severityPerDamageDealt>
				<victimSeverityScaling>ToxicSensitivity</victimSeverityScaling>
			</li>
		</additionalHediffs>
		<defaultArmorPenetration>0.85</defaultArmorPenetration>
  	</DamageDef>
  
   	<DamageDef>
    	<defName>GGRangedStab</defName>
    	<label>GG stab</label>
    	<workerClass>DamageWorker_AddInjury</workerClass>
    	<externalViolence>true</externalViolence>
    	<deathMessage>{0} has been stabbed to death.</deathMessage>
    	<hediff>GGStab</hediff>
    	<hediffSolid>Crack</hediffSolid>
    	<impactSoundType>Slice</impactSoundType>
    	<armorCategory>Sharp</armorCategory>
    	<overkillPctToDestroyPart>0~0.7</overkillPctToDestroyPart>
    	<isRanged>true</isRanged>
    	<makesAnimalsFlee>true</makesAnimalsFlee>
		<additionalHediffs>
			<li>
				<hediff>GGNerveToxin</hediff>
				<severityPerDamageDealt>0.03</severityPerDamageDealt>
				<victimSeverityScaling>ToxicSensitivity</victimSeverityScaling>
			</li>
		</additionalHediffs>
		<defaultArmorPenetration>0.85</defaultArmorPenetration>
  	</DamageDef>
  
   	<DamageDef>
    	<defName>GGRangedStabDart</defName>
    	<label>GG stab dart</label>
    	<workerClass>DamageWorker_AddInjury</workerClass>
    	<externalViolence>true</externalViolence>
    	<deathMessage>{0} has been stabbed to death.</deathMessage>
    	<hediff>GGStabDart</hediff>
    	<hediffSolid>Crack</hediffSolid>
    	<impactSoundType>Slice</impactSoundType>
    	<armorCategory>Sharp</armorCategory>
    	<overkillPctToDestroyPart>0~0.7</overkillPctToDestroyPart>
    	<isRanged>true</isRanged>
    	<makesAnimalsFlee>true</makesAnimalsFlee>
		<additionalHediffs>
			<li>
				<hediff>GGNerveToxin</hediff>
				<severityPerDamageDealt>0.05</severityPerDamageDealt>
				<victimSeverityScaling>ToxicSensitivity</victimSeverityScaling>
			</li>
		</additionalHediffs>
		<defaultArmorPenetration>0.85</defaultArmorPenetration>
  	</DamageDef>
	
	<!--  Haywire -->
	
	<DamageDef>
		<defName>GGHaywireEMP</defName>
		<label>Haywire EMP</label>
		<externalViolenceForMechanoids>true</externalViolenceForMechanoids>
		<deathMessage>{0} has been EMPed to death.</deathMessage>
		<harmsHealth>false</harmsHealth>
		<makesBlood>false</makesBlood>
		<impactSoundType>Electric</impactSoundType>
		<defaultDamage>65</defaultDamage>
		<explosionSnowMeltAmount>0</explosionSnowMeltAmount>
		<explosionCellMote>Mote_BlastEMP</explosionCellMote>
		<explosionColorEdge>(0.8, 0.8, 0.8, 0.8)</explosionColorEdge>
		<explosionInteriorMote>Mote_ElectricalSpark</explosionInteriorMote>
		<soundExplosion>Explosion_EMP</soundExplosion>
		<combatLogRules>Damage_EMP</combatLogRules>
	</DamageDef>
	
	<ThingDef ParentName="MoteBase">
    	<defName>Mote_GGHaywired</defName>
    	<thingClass>MoteDualAttached</thingClass>
    	<altitudeLayer>MetaOverlays</altitudeLayer>
    	<mote>
      		<solidTime>3</solidTime>
      		<needsMaintenance>false</needsMaintenance>
    	</mote>
    	<graphicData>
      		<texPath>Things/Mote/GGHaywired</texPath>
    	</graphicData>
  	</ThingDef>
	
	<!-- Caltrops Damage -->
	
	<DamageDef>
    	<defName>Damage_GGCaltrops</defName>
    	<label>GG Caltrops Damage</label>
    	<workerClass>GhostGear.DamageWorker_GGCaltrops</workerClass>
    	<canInterruptJobs>false</canInterruptJobs>
    	<makesBlood>false</makesBlood>
    	<defaultDamage>0</defaultDamage>
    	<explosionCellMote>Mote_BlastExtinguisher</explosionCellMote>
    	<explosionColorEdge>(1, 1, 1, 0.05)</explosionColorEdge>
    	<soundExplosion>Explosion_Stun</soundExplosion>
    	<harmsHealth>false</harmsHealth>
    	<combatLogRules>Damage_Extinguish</combatLogRules>
  	</DamageDef>
  
  	<!-- Injuries -->
	
	<!-- melee -->
	
	<HediffDef ParentName="InjuryBase">
    	<defName>GGMStab</defName>
    	<label>GG melee stab</label>
    	<labelNoun>a stab wound</labelNoun>
		<description>GG melee stab effect</description>
    	<comps>
      		<li Class="HediffCompProperties_TendDuration">
        		<labelTendedWell>bandaged</labelTendedWell>
        		<labelTendedWellInner>sutured</labelTendedWellInner>
        		<labelSolidTendedWell>set</labelSolidTendedWell>
      		</li>
      		<li Class="HediffCompProperties_Infecter">
        		<infectionChance>0.25</infectionChance>
      		</li>
      		<li Class="HediffCompProperties_GetsPermanent">
        		<permanentLabel>stab scar</permanentLabel>
      		</li>
    	</comps>
    	<injuryProps>
      		<painPerSeverity>0.0125</painPerSeverity>
      		<averagePainPerSeverityPermanent>0.00725</averagePainPerSeverityPermanent>
      		<bleedRate>0.07</bleedRate>
      		<canMerge>false</canMerge>
      		<destroyedLabel>Cut off</destroyedLabel>
      		<destroyedOutLabel>Cut out</destroyedOutLabel>
    	</injuryProps>
  	</HediffDef>
	
	<HediffDef ParentName="InjuryBase">
    	<defName>GGMCut</defName>
    	<label>GG melee cut</label>
    	<labelNoun>a melee cut</labelNoun>
		<description>GG melee cut effect</description>
    	<comps>
      		<li Class="HediffCompProperties_TendDuration">
        		<labelTendedWell>bandaged</labelTendedWell>
        		<labelTendedWellInner>sutured</labelTendedWellInner>
        		<labelSolidTendedWell>set</labelSolidTendedWell>
      		</li>
      		<li Class="HediffCompProperties_Infecter">
        		<infectionChance>0.25</infectionChance>
      		</li>
      		<li Class="HediffCompProperties_GetsPermanent">
        		<permanentLabel>cut scar</permanentLabel>
      		</li>
    	</comps>
    	<injuryProps>
      		<painPerSeverity>0.0125</painPerSeverity>
      		<averagePainPerSeverityPermanent>0.00725</averagePainPerSeverityPermanent>
      		<bleedRate>0.07</bleedRate>
      		<canMerge>false</canMerge>
      		<destroyedLabel>Cut off</destroyedLabel>
      		<destroyedOutLabel>Cut out</destroyedOutLabel>
    	</injuryProps>
  	</HediffDef>
	
	<!--  thrown -->
  
    <HediffDef ParentName="InjuryBase">
    	<defName>GGShurikenCut</defName>
    	<label>GG shuriken cut</label>
    	<labelNoun>a shuriken cut</labelNoun>
		<description>GG shuriken cut effect</description>
    	<comps>
      		<li Class="HediffCompProperties_TendDuration">
        		<labelTendedWell>bandaged</labelTendedWell>
        		<labelTendedWellInner>sutured</labelTendedWellInner>
        		<labelSolidTendedWell>set</labelSolidTendedWell>
      		</li>
      		<li Class="HediffCompProperties_Infecter">
        		<infectionChance>0.25</infectionChance>
      		</li>
      		<li Class="HediffCompProperties_GetsPermanent">
        		<permanentLabel>cut scar</permanentLabel>
      		</li>
    	</comps>
    	<injuryProps>
      		<painPerSeverity>0.0125</painPerSeverity>
      		<averagePainPerSeverityPermanent>0.00725</averagePainPerSeverityPermanent>
      		<bleedRate>0.07</bleedRate>
      		<canMerge>false</canMerge>
      		<destroyedLabel>Cut off</destroyedLabel>
      		<destroyedOutLabel>Cut out</destroyedOutLabel>
    	</injuryProps>
  	</HediffDef>
  
    <HediffDef ParentName="InjuryBase">
    	<defName>GGStab</defName>
    	<label>GG stab</label>
    	<labelNoun>a stab wound</labelNoun>
		<description>GG stab effect</description>
    	<comps>
      		<li Class="HediffCompProperties_TendDuration">
        		<labelTendedWell>bandaged</labelTendedWell>
        		<labelTendedWellInner>sutured</labelTendedWellInner>
        		<labelSolidTendedWell>set</labelSolidTendedWell>
      		</li>
      		<li Class="HediffCompProperties_Infecter">
        		<infectionChance>0.25</infectionChance>
      		</li>
      		<li Class="HediffCompProperties_GetsPermanent">
        		<permanentLabel>stab scar</permanentLabel>
      		</li>
    	</comps>
    	<injuryProps>
      		<painPerSeverity>0.0125</painPerSeverity>
      		<averagePainPerSeverityPermanent>0.00725</averagePainPerSeverityPermanent>
      		<bleedRate>0.07</bleedRate>
      		<canMerge>false</canMerge>
      		<destroyedLabel>Cut off</destroyedLabel>
      		<destroyedOutLabel>Cut out</destroyedOutLabel>
    	</injuryProps>
  	</HediffDef>
  
   	<HediffDef ParentName="InjuryBase">
    	<defName>GGStabDart</defName>
    	<label>GG dart stab</label>
    	<labelNoun>a stab wound</labelNoun>
		<description>GG dart stab effect</description>
    	<comps>
      		<li Class="HediffCompProperties_TendDuration">
        		<labelTendedWell>bandaged</labelTendedWell>
        		<labelTendedWellInner>sutured</labelTendedWellInner>
        		<labelSolidTendedWell>set</labelSolidTendedWell>
      		</li>
      		<li Class="HediffCompProperties_Infecter">
        		<infectionChance>0.25</infectionChance>
      		</li>
      		<li Class="HediffCompProperties_GetsPermanent">
        		<permanentLabel>stab scar</permanentLabel>
      		</li>
    	</comps>
    	<injuryProps>
      		<painPerSeverity>0.0125</painPerSeverity>
      		<averagePainPerSeverityPermanent>0.00725</averagePainPerSeverityPermanent>
      		<bleedRate>0.07</bleedRate>
      		<canMerge>false</canMerge>
      		<destroyedLabel>Cut off</destroyedLabel>
      		<destroyedOutLabel>Cut out</destroyedOutLabel>
    	</injuryProps>
  	</HediffDef>
  
  <!-- Projectiles -->
  
  <!-- Shuriken Bullet -->
  
  	<ThingDef Name="BaseGGBullet" Abstract="True">
    	<category>Projectile</category>
    	<tickerType>Normal</tickerType>
    	<altitudeLayer>Projectile</altitudeLayer>
    	<thingClass>Bullet</thingClass>
    	<label>shuriken</label>
    	<useHitPoints>False</useHitPoints>
    	<neverMultiSelect>True</neverMultiSelect>
    	<graphicData>
      		<shaderType>Transparent</shaderType>
    	</graphicData>
	</ThingDef>

  	<ThingDef ParentName="BaseGGBullet">
    	<defName>Bullet_GGShuriken</defName>
    	<label>shuriken</label>
    	<graphicData>
      		<texPath>Things/Projectile/GGShuriken</texPath>
      		<graphicClass>Graphic_Flicker</graphicClass>
    	</graphicData>
    	<projectile>
			<flyOverhead>false</flyOverhead>
			<damageDef>GGShuriken</damageDef>
			<damageAmountBase>10</damageAmountBase>
			<speed>150</speed>
    	</projectile>
  	</ThingDef>
  
  	<!-- Throwing darts, knifes etc. -->
  
    <ThingDef Name="BaseGGThrown" Abstract="True">
    	<category>Projectile</category>
    	<tickerType>Normal</tickerType>
    	<altitudeLayer>Projectile</altitudeLayer>
    	<thingClass>Bullet</thingClass>
    	<label>dart</label>
    	<useHitPoints>False</useHitPoints>
    	<neverMultiSelect>True</neverMultiSelect>
    	<graphicData>
    		<shaderType>Transparent</shaderType>
    	</graphicData>
  	</ThingDef>
	
	<ThingDef ParentName="BaseGGThrown">
    	<defName>GGKnife_Thrown</defName>
    	<label>GG knife</label>
    	<graphicData>
      		<texPath>Things/Projectile/GGThrown/GGKnife</texPath>
      		<graphicClass>Graphic_Single</graphicClass>
    	</graphicData>
    	<projectile>
      		<flyOverhead>false</flyOverhead>
      		<damageDef>GGRangedStab</damageDef>
      		<damageAmountBase>12</damageAmountBase>
      		<stoppingPower>0.7</stoppingPower>
      		<armorPenetrationBase>0.20</armorPenetrationBase>
      		<speed>38</speed>
    	</projectile>
  	</ThingDef>
	
  	<ThingDef ParentName="BaseGGThrown">
    	<defName>GGShuriken_Thrown</defName>
    	<label>GG Shuriken</label>
    	<graphicData>
      		<texPath>Things/Projectile/GGShuriken</texPath>
      		<graphicClass>Graphic_Flicker</graphicClass>
    	</graphicData>
    	<projectile>
      		<flyOverhead>false</flyOverhead>
      		<damageDef>GGRangedStab</damageDef>
      		<damageAmountBase>15</damageAmountBase>
      		<stoppingPower>0.5</stoppingPower>
      		<armorPenetrationBase>0.30</armorPenetrationBase>
      		<speed>45</speed>
    	</projectile>
  	</ThingDef>
	
	<ThingDef ParentName="BaseGGThrown">
    	<defName>GGDart_Thrown</defName>
    	<label>GG Dart</label>
    	<graphicData>
      		<texPath>Things/Projectile/GGThrown/GGDart</texPath>
      		<graphicClass>Graphic_Single</graphicClass>
    	</graphicData>
    	<projectile>
      		<flyOverhead>false</flyOverhead>
      		<damageDef>GGRangedStabDart</damageDef>
      		<damageAmountBase>10</damageAmountBase>
      		<stoppingPower>0.5</stoppingPower>
      		<armorPenetrationBase>0.25</armorPenetrationBase>
      		<speed>40</speed>
    	</projectile>
  	</ThingDef>

</Defs>
